URL,Post Viewsss,Girl Nums,Entry Title,Path
https://www.5280k.com/276077.html,钻石,B358,韩国写真集HIGH FANTASY套图+随包视频合集[48套/28G],T:\韩国写真集\[HIGH FANTASY]
https://www.5280k.com/287447.html,钻石,B277,韩国写真集Patreon套图+随包视频合集[90套/147G],T:\韩国写真集\[Patreon]
https://www.5280k.com/303578.html,钻石,B443,韩国写真集Donggeuran套图合集[13套/38G],T:\韩国写真集\[Donggeuran]
https://www.5280k.com/300163.html,钻石,B432,韩国写真集KiSiA套图合集[12套/5G],T:\韩国写真集\[KiSiA]
https://www.5280k.com/300155.html,钻石,B433,韩国写真集MARK套图合集[7套/7G],T:\韩国写真集\[MARK]
https://www.5280k.com/49638.html,钻石,B275,Bimilstory套图+视频合集[250套/800G],
https://www.5280k.com/49157.html,钻石,B270,Paranhosu(韩国)套图+随包视频合集[51期/16G],T:\韩国写真集\[Paranhosu]
https://www.5280k.com/276656.html,钻石,B360,韩国写真集Fantasy Story套图+随包视频合集[59套/200G],T:\韩国写真集\[Fantasy Story]
https://www.5280k.com/297502.html,钻石,B428,韩国美女Habin套图+随包视频合集[24套/50G],T:\韩国写真集\[Habin]
https://www.5280k.com/276991.html,钻石,B364,韩国写真集Yo-U套图+随包视频合集[28套/67G],T:\韩国写真集\[Yo-U]
https://www.5280k.com/275589.html,钻石,B356,韩国写真集SWEETBOX套图+随包视频合集[42套/126G],T:\韩国写真集\[SWEETBOX]
https://www.5280k.com/279603.html,钻石,B375,韩国写真集Cream Pie套图+随包视频合集[21套/86G],T:\韩国写真集\[Cream Pie]
https://www.5280k.com/275096.html,钻石,B349,韩国写真集KIMLEMON套图合集[76套/32G],T:\韩国写真集\[KIMLEMON]
https://www.5280k.com/290426.html,钻石,B405,韩国写真集LimePunch套图+随包视频合集[12套/20G],T:\韩国写真集\[LimePunch]
https://www.5280k.com/279586.html,钻石,B374,韩国写真集DCP-Snaps套图+随包视频合集[34套/14G],T:\韩国写真集\[DCP-Snaps]
https://www.5280k.com/288669.html,钻石,B402,韩国写真集SeeShe套图+随包视频合集[9套/5G],T:\韩国写真集\[SeeShe]
https://www.5280k.com/287265.html,钻石,B397,韩国写真集BlueCake套图+随包视频合集[187套/292G],T:\韩国写真集\[BlueCake]
https://www.5280k.com/284864.html,钻石,B273,韩国写真集Saint PhotoLife套图+随包视频合集[149套/46G],T:\韩国写真集\[Saint PhotoLife]
https://www.5280k.com/281668.html,钻石,B249,韩国写真集Espacia Korea套图合集[135套/41G],T:\韩国写真集\[Espacia Korea]
https://www.5280k.com/281399.html,钻石,B379,韩国写真集Glamarchive套图合集[17套/13G],T:\韩国写真集\[Glamarchive]
https://www.5280k.com/279922.html,钻石,B228,韩国写真集Pure Media套图+随包视频合集[193套/132G],T:\韩国写真集\[Pure Media]
https://www.5280k.com/279852.html,钻石,B377,韩国写真集SWEETHB套图+随包视频合集[11套/6G],T:\韩国写真集\[SWEETHB]
https://www.5280k.com/279605.html,钻石,B254,韩国写真集JOApictures套图合集[29套/11G],T:\韩国写真集\[JOApictures]
https://www.5280k.com/277381.html,钻石,B359,韩国写真集CreamSoda套图[31套/17G],T:\韩国写真集\[CreamSoda]
https://www.5280k.com/275377.html,钻石,B354,韩国写真集Photochips套图+随包视频合集[53套/18G],T:\韩国写真集\[Photochips]
https://www.5280k.com/274750.html,钻石,B347,韩国写真集MISS TOUCH套图合集[44套/18G],T:\韩国写真集\[MISS TOUCH]
https://www.5280k.com/274694.html,钻石,B346,韩国写真集Lilynah套图合集[53套/14G],T:\韩国写真集\[Lilynah]
https://www.5280k.com/264170.html,钻石,B283,脸红Dearie#微密圈系列套图+随包视频合集,T:\微密圈\[脸红Dearie]
https://www.5280k.com/275379.html,钻石,B311,猪饲料#微密圈图片+随包视频,T:\微密圈\[猪饲料]
https://www.5280k.com/265756.html,钻石,B302,Cool文茜#微密圈系列图片+随包视频合集,T:\微密圈\[Cool文茜]
https://www.5280k.com/264991.html,钻石,B292,卡通百科老王#微密圈系列套图+随包视频合集,T:\微密圈\[卡通百科老王]
https://www.5280k.com/265363.html,钻石,B297,洁己u#微密圈系列套图+随包视频合集,T:\微密圈\[洁己u]
https://www.5280k.com/293498.html,钻石,B413,陈佩奇#微密圈+淘宝系列套图+随包视频合集,T:\微密圈\[陈佩奇]
https://www.5280k.com/294628.html,钻石,B422,兔宝妮to#微密圈+随包视频合集,T:\微密圈\[兔宝妮to]
https://www.5280k.com/275231.html,钻石,B352,奶雯#微密圈套图,T:\微密圈\[奶雯]
https://www.5280k.com/264794.html,钻石,B288,妮是老虎(陈妮妮UNI)#微密圈会员订阅系列套图+随包视频合集,T:\微密圈\[妮是老虎(陈妮妮UNI)]
https://www.5280k.com/266942.html,钻石,B313,乙醇子#微密圈系列图片+随包视频合集,T:\微密圈\[乙醇子]
https://www.5280k.com/272473.html,钻石,B333,轩子巨二兔(轩子巨2兔)#微密圈套图+随包视频合集,T:\微密圈\[轩子巨二兔(轩子巨2兔)]
https://www.5280k.com/264787.html,钻石,B287,俏妞qiaoniuTT#微密圈会员订阅系列套图+随包视频合集,T:\微密圈\[俏妞qiaoniuTT]
https://www.5280k.com/275337.html,钻石,B353,果儿Victoria#微密圈合集套图#随包视频,T:\微密圈\[果儿Victoria]
https://www.5280k.com/279282.html,钻石,B369,小u优优子#微密圈套图#随包视频,T:\微密圈\[小u优优子]
https://www.5280k.com/265213.html,钻石,B293,艾拉·isla#微密圈系列套图+随包视频合集,T:\微密圈\[艾拉·isla]
https://www.5280k.com/266935.html,钻石,B312,金希儿#微密圈系列图片+随包视频合集,T:\微密圈\[金希儿]
https://www.5280k.com/267274.html,钻石,B318,张老师#微密圈系列（含嘉宾）图片+随包视频合集,T:\微密圈\[张老师]
https://www.5280k.com/265925.html,钻石,B304,纪念小小v5#微密圈系列套图+随包视频合集,T:\微密圈\[纪念小小v5]
https://www.5280k.com/275104.html,钻石,B350,葛征#微密圈套图#随包视频合集,T:\微密圈\[葛征]
https://www.5280k.com/287227.html,钻石,B396,黑饱宝#微密圈系列图片+随包视频合集,T:\微密圈\[黑饱宝]
https://www.5280k.com/265347.html,钻石,B295,左公子666#微密圈系列套图+随包视频合集（已更新第3版）,T:\微密圈\[左公子666]
https://www.5280k.com/306166.html,,B464,Callmecandy#微密圈合集,T:\微密圈\[Callmecandy]
https://www.5280k.com/305906.html,钻石,B460,瑜瑾#微密圈合集,T:\微密圈\[瑜瑾]
https://www.5280k.com/293300.html,钻石,B410,阿色@抖音#微密圈系列套图+随包视频合集,T:\微密圈\[阿色抖音]
https://www.5280k.com/264984.html,钻石,B291,桃沢樱呀#微密圈系列套图+随包视频合集,T:\微密圈\[桃沢樱呀]
https://www.5280k.com/301014.html,钻石,B435,周妍希#微密圈+随包视频合集,T:\微密圈\[周妍希]
https://www.5280k.com/301075.html,钻石,B436,无欲无求的推土君#微密圈+随包视频合集,T:\微密圈\[无欲无求的推土君]
https://www.5280k.com/264539.html,钻石,B286,鱼神#微密圈系列图片+随包视频合集,T:\微密圈\[鱼神]
https://www.5280k.com/279545.html,钻石,B372,MIYA#微密圈系列套图合集+随包视频,T:\微密圈\[MIYA]
https://www.5280k.com/303721.html,钻石,B444,火龙果羊#微密圈+随包视频合集,T:\微密圈\[火龙果羊]
https://www.5280k.com/304981.html,钻石,B454,可爱的肉巴#微密圈+随包视频合集,T:\微密圈\[可爱的肉巴]
https://www.5280k.com/304988.html,钻石,B453,楚楚不吃鱼#微密圈合集,T:\微密圈\[楚楚不吃鱼]
https://www.5280k.com/304367.html,钻石,B449,美邵女Baby#微密圈+随包视频合集,T:\微密圈\[美邵女Baby]
https://www.5280k.com/304537.html,钻石,B451,相扑猫#微密圈合集,T:\微密圈\[相扑猫]
https://www.5280k.com/303714.html,钻石,B445,琳铛铛#微密圈+随包视频合集,T:\微密圈\[琳铛铛]
https://www.5280k.com/303571.html,钻石,B442,聂傲娇#微密圈+随包视频合集,T:\微密圈\[聂傲娇]
https://www.5280k.com/271455.html,钻石,B322,Jessie婕西#微密圈系列图片+随包视频合集,T:\微密圈\[Jessie婕西]
https://www.5280k.com/267088.html,钻石,B315,黎允熙baby#微密圈系列图片+随包视频合集,T:\微密圈\[黎允熙baby]
https://www.5280k.com/283404.html,钻石,B389,徐莉芝Booty#微密圈系列套图+随包视频合集,T:\微密圈\[徐莉芝Booty]
https://www.5280k.com/264531.html,钻石,B285,120斤的小王同学#微密圈系列图片+随包视频合集,T:\微密圈\[120斤的小王同学]
https://www.5280k.com/273105.html,钻石,B336,保守的二舅妈#微密圈套图+随包视频,T:\微密圈\[保守的二舅妈]
https://www.5280k.com/265551.html,钻石,B299,女刺客#微密圈系列套图+随包视频合集,T:\微密圈\[女刺客]
https://www.5280k.com/271448.html,钻石,B323,迷人的五姨太#微密圈系列图片+随包视频合集,T:\微密圈\[迷人的五姨太]
https://www.5280k.com/265918.html,钻石,B303,铁锤姐姐#微密圈系列套图+随包视频合集,T:\微密圈\[铁锤姐姐]
https://www.5280k.com/281661.html,钻石,B380,小萌子#微密圈套图合集,T:\微密圈\[小萌子]
https://www.5280k.com/283225.html,钻石,B388,Sia不吃鱼#微密圈系列套图+随包视频合集,T:\微密圈\[Sia不吃鱼]
https://www.5280k.com/264346.html,钻石,B284,就是阿朱啊#微密圈系列图片+随包视频合集,T:\微密圈\[就是阿朱啊]
https://www.5280k.com/282099.html,钻石,B381,白龙猫女#微密圈系列套图+随包视频合集,T:\微密圈\[白龙猫女]
https://www.5280k.com/266599.html,钻石,B310,姐姐Lalion#微密圈系列图片+随包视频合集,T:\微密圈\[姐姐Lalion]
https://www.5280k.com/265356.html,钻石,B296,安妮-yoo#微密圈系列套图+随包视频合集,T:\微密圈\[安妮-yoo]
https://www.5280k.com/276832.html,钻石,B362,水蜜桃米米#微密圈合集套图,T:\微密圈\[水蜜桃米米]
https://www.5280k.com/266106.html,钻石,B307,宝儿茹171#微密圈系列图片+随包视频合集,T:\微密圈\[宝儿茹171]
https://www.5280k.com/266001.html,钻石,B305,是可馨耶#微密圈系列套图+随包视频合集,T:\微密圈\[是可馨耶]
https://www.5280k.com/279929.html,钻石,B373,宋昱欣#微密圈系列图片+随包视频合集,T:\微密圈\[宋昱欣]
https://www.5280k.com/267081.html,钻石,B314,可可西yyy#微密圈(VIP收费系列图片+随包视频合集,T:\微密圈\[可可西yyy]
https://www.5280k.com/279344.html,钻石,B371,小玉吃果冻#微密圈系列图片合集,T:\微密圈\[小玉吃果冻]
https://www.5280k.com/297248.html,钻石,B427,牛奶里的果汁#微密圈+随包视频合集,T:\微密圈\[牛奶里的果汁]
https://www.5280k.com/297104.html,钻石,B425,小猫咪ck#微密圈+随包视频合集,T:\微密圈\[小猫咪ck]
https://www.5280k.com/275386.html,钻石,B355,不爱笑的赛琳#微密圈套图#随包视频,T:\微密圈\[不爱笑的赛琳]
https://www.5280k.com/265749.html,钻石,B301,奔跑的晶骡儿#微密圈系列图片+随包视频合集,T:\微密圈\[奔跑的晶骡儿]
https://www.5280k.com/271594.html,钻石,B326,张鑫baby#微密圈系列图片+随包视频合集,T:\微密圈\[张鑫baby]
https://www.5280k.com/265544.html,钻石,B300,陈大小姐#微密圈系列套图+随包视频合集,T:\微密圈\[陈大小姐]
https://www.5280k.com/272480.html,钻石,B332,张思允(绣人网)#微密圈私拍+随包视频合集,T:\微密圈\[张思允(绣人网)]
https://www.5280k.com/275049.html,钻石,B348,软妹小九九[July芝岚]#微密圈图片+随包视频,T:\微密圈\[软妹小九九[July芝岚]]
https://www.5280k.com/271080.html,钻石,B321,古阿扎@虎牙#微密圈系列图片+随包视频合集,T:\微密圈\[古阿扎虎牙]
https://www.5280k.com/267281.html,钻石,B317,于芷晴#微密圈系列图片+随包视频合集,T:\微密圈\[于芷晴]
https://www.5280k.com/295908.html,钻石,B424,猪小七#微密圈+随包视频合集,T:\微密圈\[猪小七]
https://www.5280k.com/265220.html,钻石,B294,禅院熏#微密圈系列套图合集,T:\微密圈\[禅院熏]
https://www.5280k.com/264977.html,钻石,B290,奶宝妹纸（原雪怡妹纸）#微密圈系列套图+随包视频合集,T:\微密圈\[奶宝妹纸（原雪怡妹纸）]
https://www.5280k.com/272744.html,钻石,B334,鹿瑶 - 微密圈系列图片+随包视频合集,
https://www.5280k.com/286356.html,钻石,B395,徐绾绾yyyy#微密圈系列图片+随包视频合集,T:\微密圈\[徐绾绾yyyy]
https://www.5280k.com/286056.html,钻石,B394,小猫咪ck#微密圈系列套图+随包视频合集,T:\微密圈\[小猫咪ck]
https://www.5280k.com/284496.html,钻石,B391,梦里一只喵#微密圈系列套图+随包视频合集,T:\微密圈\[梦里一只喵]
https://www.5280k.com/283600.html,钻石,B390,胜利的小生活#微密圈系列套图+随包视频合集,T:\微密圈\[胜利的小生活]
https://www.5280k.com/272257.html,钻石,B330,好H好女杀手#19套[2.85G],
https://www.5280k.com/272264.html,钻石,B331,羊小雪@B站#舰长图包全套及作品,
https://www.5280k.com/271587.html,钻石,B325,超辣的林一#微密圈系列图片+随包视频合集,T:\微密圈\[超辣的林一]
https://www.5280k.com/267369.html,钻石,B319,葱油饼er#微密圈全套图片合集,T:\微密圈\[葱油饼er]
https://www.5280k.com/266099.html,钻石,B308,沈汝凡超哇塞#微密圈系列图片+随包视频合集,T:\微密圈\[沈汝凡超哇塞]
https://www.5280k.com/264970.html,钻石,B289,李嘉欣97#微密圈系列套图+随包视频合集,T:\微密圈\[李嘉欣97]
https://www.5280k.com/273820.html,钻石,B341,鱼子酱Fish(绣人网) - 私拍作品合集[184期240G],T:\内购私拍\鱼子酱Fish
https://www.5280k.com/305899.html,钻石,B462,袁圆#内购3套合集,T:\内购私拍\袁圆
https://www.5280k.com/302028.html,钻石,B438,李若汐#内购4套合集,T:\内购私拍\[李若汐]
https://www.5280k.com/276836.html,钻石,B361,王馨瑶Yanni#私拍合集53套带随包视频,T:\内购私拍\王馨瑶Yanni,
https://www.5280k.com/301464.html,钻石,B437,晚苏susu#内购13套合集,T:\内购私拍\[晚苏susu]
https://www.5280k.com/293347.html,钻石,B412,陈小花er#内购私拍13套合集,T:\内购私拍\[陈小花er]
https://www.5280k.com/302847.html,钻石,B441,潘娇娇(绣人网)内购无水印合集[6套],
https://www.5280k.com/302628.html,钻石,B440,杨晨晨(绣人网)俬拍&定制&微密合集[13套],
https://www.5280k.com/302304.html,钻石,B439,谭小灵#内购8套合集,T:\内购私拍\[谭小灵]
https://www.5280k.com/297111.html,钻石,B426,小薯条nienie#内购6套合集,T:\内购私拍\[小薯条nienie]
https://www.5280k.com/294330.html,钻石,B419,tina_甜仔(绣人网)#内购4套合集,T:\内购私拍\tina_甜仔(绣人网)
https://www.5280k.com/294192.html,钻石,B418,白笑笑#内购私拍3套合集,T:\内购私拍\白笑笑
https://www.5280k.com/293939.html,钻石,B416,豆瓣酱#内购私拍6套合集,T:\内购私拍\豆瓣酱
https://www.5280k.com/293781.html,钻石,B415,章芃芃#内购私拍7套合集,T:\内购私拍\章芃芃
https://www.5280k.com/293307.html,钻石,B411,玥儿玥er#内购私拍6套合集,T:\内购私拍\玥儿玥er
https://www.5280k.com/279335.html,钻石,B370,十万口草莓粥粥(B站)#舰长图包合集+随包视频,T:\内购私拍\十万口草莓粥粥
https://www.5280k.com/276616.html,钻石,B278,张思允Nice#内购无水印合集14期[2024.3持续更新],T:\内购私拍\[张思允Nice]
https://www.5280k.com/282599.html,钻石,B386,杏子Yada#微密圈系列套图合集,T:\微密圈\[杏子Yada]
https://www.5280k.com/282319.html,钻石,B384,朱可儿#内购无水印套图+随包视频合集,T:\内购私拍\[朱可儿]
https://www.5280k.com/274282.html,钻石,B344,唐安琪(绣人网)#内购无水印合集16期[18G],T:\内购私拍\[唐安琪(绣人网)]
https://www.5280k.com/274702.html,钻石,B345,谢小蒽(绣人网)#私拍合集32套[39G],T:\内购私拍\谢小蒽
https://www.5280k.com/274702.html,钻石,B345,谢小蒽(绣人网)#私拍合集32套[39G],T:\内购私拍\谢小蒽
https://www.5280k.com/274275.html,钻石,B343,提袜少女#朋友圈收费系列套图#视频,T:\微密圈\[提袜少女]
https://www.5280k.com/274260.html,钻石,B342,特色丝模《酒酒老师》全套合集92套，大小10G,
https://www.5280k.com/273385.html,钻石,B337,ELaine小仙女#朋友圈系列套图+随包视频,T:\微密圈\[ELaine小仙女]
https://www.5280k.com/271854.html,钻石,B327,徐珺大哥#舰长提督朋友圈系列套图+随包视频合集,
https://www.5280k.com/271861.html,钻石,B328,桃脱了#微信朋友圈及专场系列图片+随包视频合集,T:\微密圈\[桃脱了]
https://www.5280k.com/271073.html,钻石,B320,童小芯#微信朋友圈系列图片+随包视频合集,T:\微密圈\[童小芯]
https://www.5280k.com/50890.html,,B448,人气动漫@在下萝莉控II套图+视频合集[45套/9G],T:\[COS]\在下萝莉控II
https://www.5280k.com/306167.html,,B450,人气动漫@一千只猫薄禾套图+视频合集[16套/2.6G],T:\[COS]\一千只猫薄禾
https://www.5280k.com/279336.html,,B225,BoBoSocks袜啵啵套图+随包视频合集[416套/2.4T],
https://www.5280k.com/49431.html,,B400,尤蜜丝套图+视频合集[122套/63G],
https://www.5280k.com/49261.html,,B459,Pilot套图合集[12套/1.3G],
https://www.5280k.com/49834.html,,B223,Beautyleg视频合集打包(001-1409/1.3T),
https://www.5280k.com/49775.html,,B447,人气博主@屿鱼YUKAKO套图合集[28套/4G],T:\[COS]\屿鱼YUKAKO
https://www.5280k.com/49651.html,,B446,人气博主@贝贝琪Becky套图+随包视频合集[41套/8G],T:\[COS]\贝贝琪Becky
https://www.5280k.com/49444.html,,B198,MZSOCK爱美足套图+视频合集[300套/313G],
https://www.5280k.com/178242.html,,B175,人气动漫@瓜希酱套图合集[94套/12G],T:\[COS]\瓜希酱
https://www.5280k.com/49947.html,,B174,人气博主@芋圆侑子sj套图+随包视频合集[26套/9G],T:\[COS]\芋圆侑子sj
https://www.5280k.com/49622.html,,B169,丝足博主@乔依丝joys套图+随包视频合集[24套/16.5G],
https://www.5280k.com/49619.html,,B168,人气博主@阿包也是兔娘套图+随包视频合集[98套/36G],T:\[COS]\阿包也是兔娘
https://www.5280k.com/122454.html,,B111,人气动漫@Shika小鹿鹿套图+视频合集[114套/15G],T:\[COS]\Shika小鹿鹿
https://www.5280k.com/49248.html,,B246,FetiArt尚物集套图合集[83套/8G],
https://www.5280k.com/118648.html,,B104,人气动漫@NAGISA魔物喵套图+视频合集[65套/77G],T:\[COS]\NAGISA魔物喵
https://www.5280k.com/114545.html,,B101,人气动漫@南桃Momoko套图合集[91套/4.3G],T:\[COS]\南桃Momoko
https://www.5280k.com/273659.html,,B340,人气动漫@年年Nnian套图+随包视频合集[106套/42G],T:\[COS]\年年Nnian
https://www.5280k.com/111407.html,,B096,人气动漫@半半子套图+视频合集[94套/14.6G],T:\[COS]\半半子
https://www.5280k.com/49259.html,,B376,织梦映像套图+随包视频合集[47套/336G],
https://www.5280k.com/110752.html,,B095,人气动漫@曉美媽套图+视频合集[40套/8G],T:\[COS]\曉美媽
https://www.5280k.com/104470.html,,084,人气动漫@三度_69 套图+视频合集 [82套/20G],T:\[COS]\三度_69 
https://www.5280k.com/102519.html,,B083,人气动漫Coser@Rioko凉凉子套图+视频合集 [141套/69G],T:\[COS]\Rioko凉凉子
https://www.5280k.com/102097.html,,B082,人气动漫Coser@疯猫Ss套图+随包视频合集 [154+散29套/67G],T:\[COS]\疯猫Ss
https://www.5280k.com/99076.html,,B081,人气动漫Coser@你的负卿套图合集 [38套/5.4G],T:\[COS]\Coser你的负卿
https://www.5280k.com/49146.html,,B429,人气博主@苏嫣嫣阿姨套图+随包视频合集[13套/2G],T:\[COS]\苏嫣嫣阿姨
https://www.5280k.com/98687.html,,B080,人气动漫Coser@利世套图合集 [172+64套/117G],T:\[COS]\Coser利世
https://www.5280k.com/49891.html,,B258,人气动漫@yuuhui玉汇套图+随包视频合集[63套/76G],T:\[COS]\yuuhui玉汇
https://www.5280k.com/97559.html,,B079,人气动漫Coser@一小央泽套图+视频合集[66套/20G],T:\[COS]\Coser一小央泽
https://www.5280k.com/49483.html,,B431,人气动漫@花铃套图合集[66套/25G],T:\[COS]\花铃
https://www.5280k.com/49420.html,,B430,人气动漫@封疆疆V套图合集[38套/12G],T:\[COS]\封疆疆V
https://www.5280k.com/72618.html,,B057,[森萝财团]萝莉丝足写真套图+视频打包合集精心整理[927G],T:\萝莉系列\森萝财团
https://www.5280k.com/49788.html,,B243,Coser博主@日奈娇套图+随包视频合集[120套/81G],T:\[COS]\博主日奈娇
https://www.5280k.com/178680.html,,B179,人气动漫@雪晴嘟嘟/雪晴Astra套图+随包视频合集[54套/37.6G],T:\[COS]\雪晴嘟嘟
https://www.5280k.com/51612.html,,B109,[IESS异思趣向] 丝享家套图合集打包(001-1700期/129G),
https://www.5280k.com/50109.html,,B407,Coser博主@九曲JEAN套图+随包视频合集[88套/18G],T:\[COS]\博主九曲JEAN
https://www.5280k.com/293613.html,,B414,喵写真套图+随包视频合集[42套/21G],
https://www.5280k.com/292050.html,,B406,人气动漫@桃良阿宅套图合集[27套/9.3G],T:\[COS]\桃良阿宅
https://www.5280k.com/131775.html,,B119,斗鱼主播@桜井宁宁套图+视频合集[111套/69G],
https://www.5280k.com/291344.html,,B403,LSS山茶摄影套图合集[280套/95G],
https://www.5280k.com/49871.html,,B140,紧急企划套图+视频合集[75套/143G],T:\[紧急企划]
https://www.5280k.com/290319.html,,B186,72斯套图合集21套,
https://www.5280k.com/290317.html,,B188,最爱帆布鞋套图+随包视频合集[63套/53G],
https://www.5280k.com/287263.html,,B393,微博红人@云溪溪套图+随包视频合集[81套/55G],
https://www.5280k.com/263644.html,,B257,Pary摄影套图+4视频合集[112套/75G],
https://www.5280k.com/283217.html,,B385,自由摄影套图合集[91套/17G],
https://www.5280k.com/282311.html,,B383,南国足艺套图+4K视频合集[34套/55G],
https://www.5280k.com/282205.html,,B382,人气动漫@二阶堂 (宅绘子)套图+随包视频合集[35套/4.5G],T:\[COS]\二阶堂 (宅绘子)
https://www.5280k.com/281972.html,,B207,我丝你想套图合集[42套/4G],
https://www.5280k.com/51634.html,,B224,LeeheeExpress套图合集[306套/94G],
https://www.5280k.com/279834.html,,B209,学妹校园寝室短丝系列套图+随包视频合集[45套/8G],
https://www.5280k.com/279267.html,,B368,人气动漫@Hatori Sama套图合集[30套/3G],T:\[COS]\Hatori Sama
https://www.5280k.com/278150.html,,B367,魔镜街拍套图合集[179套/117G],
https://www.5280k.com/277212.html,,B366,人气动漫@Asagiriai(愛ちゃん)套图+视频合集[26套/7G],T:\[COS]\Asagiriai(愛ちゃん)
https://www.5280k.com/276949.html,,B363,颜值博主@女主K(K酱)套图+随包视频合集[34套/13G],
https://www.5280k.com/276608.html,,B357,人气Coser@Arty亚缇套图+随包视频合集[79套/6.6G],
https://www.5280k.com/275239.html,,B351,人气动漫@七月喵子套图+随包视频合集[38套/9G],T:\[COS]\七月喵子
https://www.5280k.com/274267.html,,B242,SIEE丝意套图合集[1-475+新刊74套/77G],
https://www.5280k.com/273667.html,,B338,人气动漫@一米八的大梨子套图+视频合集[26套/5G],T:\[COS]\一米八的大梨子
https://www.5280k.com/49732.html,,B232,SSA丝社超清写真打包合集[001-570套/900G],
https://www.5280k.com/272272.html,,B329,人气动漫@Umeko J套图+视频合集[49套/21G],T:\[COS]\Umeko J
https://www.5280k.com/75115.html,,B056,[MSLASS梦丝女神] 2019至2022/182套/110G套图+视频合集,
https://www.5280k.com/271579.html,,B324,人气动漫@不呆猫套图+随包视频合集[38套/14G],T:\[COS]\不呆猫
https://www.5280k.com/267252.html,,B316,人气动漫@咬一口兔娘套图+随包视频合集[82套/72G],T:\[COS]\咬一口兔娘
https://www.5280k.com/70321.html,,B142,YouMei尤美/YouMi尤蜜视频合集打包(001-875/122G),
https://www.5280k.com/266630.html,,B309,日本博主Byoru@套图+视频合集[162套/50G],
https://www.5280k.com/266091.html,,B306,人气动漫@西园寺南歌套图+随包视频合集[25套/18.5G],T:\[COS]\西园寺南歌
https://www.5280k.com/266008.html,,B240,轻兰映画套图+随包视频合集[55套/26G],
https://www.5280k.com/265536.html,,B298,美脚博主@安乔乔套图+随包视频合集[35套/19G],
https://www.5280k.com/72997.html,,B048,人气动漫Coser@面饼仙儿 套图+视频合集 [135套/42G],T:\[COS]\面饼仙儿 
https://www.5280k.com/108326.html,,B093,人气动漫@ kitaro_绮太郎套图合集[111套/15G],T:\[COS]\ kitaro_绮太郎
https://www.5280k.com/93081.html,,B067,人气动漫Coser@过期米线线喵套图+随包视频合集 [145套/14.5G],T:\[COS]\过期米线线喵
https://www.5280k.com/49581.html,,B255,Limerence原创套图+视频合集[85套/253G],
https://www.5280k.com/263517.html,,B281,微博红人@王羽杉套图+随包视频合集[20套/3.1G],
https://www.5280k.com/95176.html,,B075,人气动漫Coser@二佐Nisa套图+随包视频合集 [164套/42G],T:\[COS]\二佐Nisa
https://www.5280k.com/104580.html,,B085,人气动漫@抱走莫子aa 套图+视频合集 [53套/40G],T:\[COS]\抱走莫子aa 
https://www.5280k.com/49379.html,,B217,ROSI艺学妹套图合集[001-252/14.5G],
https://www.5280k.com/49496.html,,B271,人气动漫@MissWarmJ套图+随包视频合集[39套/19.2G],T:\[COS]\MissWarmJ
https://www.5280k.com/49747.html,,B231*,人气动漫@小仓千代W套图合集[54套/5.51G],T:\[COS]\小仓千代W
https://www.5280k.com/49433.html,,B007,YALAYI雅拉伊视频合集下载(001-160期/21G),
https://www.5280k.com/49113.html,,B139,Ligui丽柜视频合集下载(2017-2021/106G),
https://www.5280k.com/72257.html,,B031,Student Model 学生丝足套图+视频系列22部打包合集[14.8G],
https://www.5280k.com/49104.html,,B256,人气动漫@蜜桃少女是依酱呀套图合集[44套/3.05G],T:\[COS]\蜜桃少女是依酱呀
https://www.5280k.com/50851.html,,B253,人气动漫@香草喵露露套图+视频合集[35套/30G],T:\[COS]\香草喵露露
https://www.5280k.com/178418.html,,B177,人气动漫@麻花麻花酱套图合集[38套/14.77G],T:\[COS]\麻花麻花酱
https://www.5280k.com/48871.html,,B226,Allure_Girls视频合集下载(001-259),
https://www.5280k.com/120094.html,,B106,人气动漫@镜酱套图合集[19套/10G],T:\[COS]\镜酱
https://www.5280k.com/49509.html,,B195,人气动漫@一笑芳香沁套图+视频合集[38套/7.85G],T:\[COS]\一笑芳香沁
https://www.5280k.com/93165.html,,068,人气动漫Coser@皮皮奶可可爱了啦套图+视频合集 [48套/25G],T:\[COS]\皮皮奶可可爱了啦
https://www.5280k.com/72613.html,,B040,微博动漫博主@白烨 套图+视频合集(1+35),
https://www.5280k.com/48915.html,,B227,细高跟视频合集打包(40V/8.21G),
https://www.5280k.com/96481.html,,B078,人气动漫Coser@蠢沫沫套图合集[162套/82.3G],T:\[COS]\Coser蠢沫沫
https://www.5280k.com/92835.html,COS,B066,人气动漫Coser@雯妹不讲道理套图+视频合集 [65套/21.62G],T:\[COS]\雯妹不讲道理
https://www.5280k.com/92104.html,,062,人气动漫Coser@星之迟迟套图+视频合集 [120套/44.3G],T:\[COS]\星之迟迟
https://www.5280k.com/95552.html,,B076,人气动漫Coser@木绵绵OwO套图+视频合集 [72+1套/28.6G],T:\[COS]\木绵绵OwO
https://www.5280k.com/104972.html,,089,人气动漫@铁板烧鬼舞W套图合集 [33套/9.66G],T:\[COS]\铁板烧鬼舞W
https://www.5280k.com/49917.html,,B033,XIUREN绣人网视频合集下载(001-173),
https://www.5280k.com/51565.html,,B218,YouWu尤物馆视频合集下载(001-025),
https://www.5280k.com/96201.html,,B077,人气动漫Coser@黑川套图合集 [59套/19.24G],T:\[COS]\Coser黑川
https://www.5280k.com/51655.html,,B005,[AISS爱丝钻石] 全站至今全部套图+视频合集][153G/百度网盘],
https://www.5280k.com/71620.html,,B021,IMiss爱蜜社视频合集下载(001-038),
https://www.5280k.com/51590.html,,B020,MiStar魅妍社视频合集下载(002-035),
https://www.5280k.com/51574.html,,B038,FEILIN嗲囡囡视频合集下载(001-155),
https://www.5280k.com/104712.html,,B087,人气动漫@鬼畜瑶在不在W套图+视频合集 [53套/13.87G],T:\[COS]\鬼畜瑶在不在W
https://www.5280k.com/93435.html,,B070,人气斗鱼主播@古川kagura套图+视频合集 [50+11套/8.9G],
https://www.5280k.com/92211.html,,B063,人气动漫Coser@白银81套图+视频合集 [101套/59.77G],T:\[COS]\白银81
https://www.5280k.com/93567.html,,B071,人气动漫Coser@起司块wii套图+动图合集 [34套/16.73G],T:\[COS]\起司块wii
https://www.5280k.com/94136.html,,B072,人气动漫Coser@桜桃喵套图+视频合集 [121套/77.57G],T:\[COS]\桜桃喵
https://www.5280k.com/92405.html,,B064,人气动漫Coser@蜜汁猫裘套图+视频合集 [83套/31.64G],T:\[COS]\蜜汁猫裘
https://www.5280k.com/72261.html,,B032,[战前女神] 恋足美腿棉袜女神级摄影套图001-100打包合集,
https://www.5280k.com/107460.html,,B092,人气动漫@五更百鬼套图合集[41套/5.47G],T:\[COS]\五更百鬼
https://www.5280k.com/117544.html,,B103,人气动漫@逐月Su套图+视频合集[35+35套/4.89G],T:\[COS]\逐月Su
https://www.5280k.com/121144.html,,B108,台湾宅男杂志-尤物USEXY特集-绝美胴画合集[28套],
https://www.5280k.com/72451.html,,B034,喵糖映画套图大合集打包下载[更新001-463+28期],
https://www.5280k.com/50703.html,,B044,[赤足者] 40期套图合集下载 [14.35G/baidu],
https://www.5280k.com/73695.html,,B053,[IESS异思趣向] 普惠集套图合集打包(001-238期+9),
https://www.5280k.com/48692.html,,B147,[IESS异思趣向] 一千零一夜套图合集打包(001-200期),
https://www.5280k.com/49074.html,,B121,[IESS异思趣向] 第N种幻想套图合集打包,
https://www.5280k.com/188437.html,,B183,人气动漫@穆零Mu0套图+视频合集[39套/0.86G],T:\[COS]\穆零Mu0
https://www.5280k.com/109791.html,,B094,人气动漫@雪琪套图合集[46套/13.55G],T:\[COS]\雪琪
https://www.5280k.com/121937.html,,B110,人气动漫@小野妹子w套图合集[46套/6.9G],T:\[COS]\小野妹子w
https://www.5280k.com/181505.html,,B163,LD零度摄影套图合集[更新001-146],
https://www.5280k.com/180442.html,,B132,人气动漫@浅野菌子套图合集[38套/1.25G],T:\[COS]\浅野菌子
https://www.5280k.com/180235.html,,B182,人气动漫@G44不会受伤套图合集[19套/2.58G],T:\[COS]\G44不会受伤
https://www.5280k.com/180106.html,,B181,人气动漫@弥音音Ww套图合集[17套/1.4G],T:\[COS]\弥音音Ww
https://www.5280k.com/179643.html,,B180,人气动漫@爱老师_PhD套图合集[38套/4.98G],T:\[COS]\爱老师_PhD
https://www.5280k.com/178491.html,,B178,人气动漫@越南妹KuukoW套图+视频合集[21套/5.79G],T:\[COS]\越南妹KuukoW
https://www.5280k.com/178324.html,,B176,人气动漫@周叽是可爱兔兔套图合集[23套/5.4G],T:\[COS]\周叽是可爱兔兔
https://www.5280k.com/92721.html,,B065,人气动漫Coser@鳗鱼霏儿套图+视频合集 [79套/18.5G],T:\[COS]\鳗鱼霏儿
https://www.5280k.com/132796.html,,B123,知名动漫博主@黑猫猫OvO套图+视频合集[32套/6.59G],
https://www.5280k.com/70291.html,,B004,唐韵视频合集打包(001-049期),
https://www.5280k.com/94320.html,,B073,人气动漫Coser@Yoko宅夏套图合集 [20套/4.09G],T:\[COS]\Yoko宅夏
https://www.5280k.com/72891.html,,B042,爱花写真全站高清写真20套合集打包下载,
https://www.5280k.com/72254.html,,B030,神艺缘捆绑套图官方原版179套合集[2.05G],
https://www.5280k.com/50470.html,,,[3Agirl] No.045-053期视频合集下载 [2.81G/baidu],
https://www.5280k.com/62266.html,,B008,爱尤物套图全集打包(更新0001-2925期/148G),
https://www.5280k.com/51259.html,,B022,DKGirl御女郎视频全集打包(更新001-054),
https://www.5280k.com/73112.html,,,风之领域写真 No.095 白衬衫裸腿 [37P-219MB],
https://www.5280k.com/49734.html,,B365,《上海炫彩时尚摄影沙龙》作品20套，大小624M,
https://www.5280bt.net/323693.html,内购,B519,Candy糖糖#内购无水印4套合集,T:\内购私拍\[Candy糖糖],
https://www.5280bt.net/302628.html,内购,B440,杨晨晨(秀人网)俬拍&定制&微密合集[56套/42G],T:\内购私拍\杨晨晨,
https://www.5280bt.net/319771.html,内购,B511,浅浅Danny,T:\内购私拍\浅浅Danny,
https://www.5280bt.net/274702.html,内购,B345,谢小蒽(秀人网)#私拍合集53套[67G],T:\内购私拍\谢小蒽
https://www.5280bt.net/317115.html,内购,B503,唐翩翩#内购无水印4套合集,T:\内购私拍\唐翩翩,
https://www.5280bt.net/320018.html,COS,B417,动漫网红@布丁大法写真+随包视频合集[127套/50G],T:\[COS]\布丁大法,
https://www.5280bt.net/317458.html,COS,B499,人气coer@星野咪兔 套图+随包视频合集[18套/9G],T:\[COS]\星野咪兔,
https://www.5280bt.net/313876.html,COS,B495,日本红人@サク(saku)套图+随包视频合集[182套/16.7G],T:\[COS]\サク(saku),
https://www.5280bt.net/321959.html,,B514,陆萱萱#安然#内购无水印32期合集,T:\内购私拍\陆萱萱,
https://www.5280bt.net/314143.html,,B496,是小逗逗#内购6套合集,T:\内购私拍\是小逗逗
